category_name,product_name
모바일/태블릿,아이폰 17 256GB 라벤더
모바일/태블릿,아이폰 17 256GB 세이지
모바일/태블릿,아이폰 17 256GB 미스트 블루
모바일/태블릿,아이폰 17 256GB 화이트
모바일/태블릿,아이폰 17 256GB 블랙
모바일/태블릿,아이폰 17 512GB 라벤더
모바일/태블릿,아이폰 17 512GB 세이지
모바일/태블릿,아이폰 17 512GB 미스트 블루
모바일/태블릿,아이폰 17 512GB 화이트
모바일/태블릿,아이폰 17 512GB 블랙
모바일/태블릿,아이폰 17 에어 256GB 스카이 블루
모바일/태블릿,아이폰 17 에어 256GB 라이트 골드
모바일/태블릿,아이폰 17 에어 256GB 클라우드 화이트
모바일/태블릿,아이폰 17 에어 256GB 스페이스 블랙
모바일/태블릿,아이폰 17 에어 512GB 스카이 블루
모바일/태블릿,아이폰 17 에어 512GB 라이트 골드
모바일/태블릿,아이폰 17 에어 512GB 클라우드 화이트
모바일/태블릿,아이폰 17 에어 512GB 스페이스 블랙
모바일/태블릿,아이폰 17 에어 1TB 스카이 블루
모바일/태블릿,아이폰 17 에어 1TB 라이트 골드
모바일/태블릿,아이폰 17 에어 1TB 클라우드 화이트
모바일/태블릿,아이폰 17 에어 1TB 스페이스 블랙
모바일/태블릿,아이폰 17 프로 256GB 실버
모바일/태블릿,아이폰 17 프로 256GB 코스믹 오렌지
모바일/태블릿,아이폰 17 프로 256GB 딥블루
모바일/태블릿,아이폰 17 프로 512GB 실버
모바일/태블릿,아이폰 17 프로 512GB 코스믹 오렌지
모바일/태블릿,아이폰 17 프로 512GB 딥블루
모바일/태블릿,아이폰 17 프로 1TB 실버
모바일/태블릿,아이폰 17 프로 1TB 코스믹 오렌지
모바일/태블릿,아이폰 17 프로 1TB 딥블루
모바일/태블릿,아이폰 17 프로맥스 256GB 실버
모바일/태블릿,아이폰 17 프로맥스 256GB 코스믹 오렌지
모바일/태블릿,아이폰 17 프로맥스 256GB 딥블루
모바일/태블릿,아이폰 17 프로맥스 512GB 실버
모바일/태블릿,아이폰 17 프로맥스 512GB 코스믹 오렌지
모바일/태블릿,아이폰 17 프로맥스 512GB 딥블루
모바일/태블릿,아이폰 17 프로맥스 1TB 실버
모바일/태블릿,아이폰 17 프로맥스 1TB 코스믹 오렌지
모바일/태블릿,아이폰 17 프로맥스 1TB 딥블루
모바일/태블릿,아이폰 17 프로맥스 2TB 실버
모바일/태블릿,아이폰 17 프로맥스 2TB 코스믹 오렌지
모바일/태블릿,아이폰 17 프로맥스 2TB 딥블루
모바일/태블릿,아이폰 16 128GB 울트라마린
모바일/태블릿,아이폰 16 128GB 틸
모바일/태블릿,아이폰 16 128GB 핑크
모바일/태블릿,아이폰 16 128GB 화이트
모바일/태블릿,아이폰 16 128GB 블랙
모바일/태블릿,아이폰 16 256GB 울트라마린
모바일/태블릿,아이폰 16 256GB 틸
모바일/태블릿,아이폰 16 256GB 핑크
모바일/태블릿,아이폰 16 256GB 화이트
모바일/태블릿,아이폰 16 256GB 블랙
모바일/태블릿,아이폰 16 512GB 울트라마린
모바일/태블릿,아이폰 16 512GB 틸
모바일/태블릿,아이폰 16 512GB 핑크
모바일/태블릿,아이폰 16 512GB 화이트
모바일/태블릿,아이폰 16 512GB 블랙
모바일/태블릿,아이폰 16 플러스 128GB 울트라마린
모바일/태블릿,아이폰 16 플러스 128GB 틸
모바일/태블릿,아이폰 16 플러스 128GB 핑크
모바일/태블릿,아이폰 16 플러스 128GB 화이트
모바일/태블릿,아이폰 16 플러스 128GB 블랙
모바일/태블릿,아이폰 16 플러스 256GB 울트라마린
모바일/태블릿,아이폰 16 플러스 256GB 틸
모바일/태블릿,아이폰 16 플러스 256GB 핑크
모바일/태블릿,아이폰 16 플러스 256GB 화이트
모바일/태블릿,아이폰 16 플러스 256GB 블랙
모바일/태블릿,아이폰 16 플러스 512GB 울트라마린
모바일/태블릿,아이폰 16 플러스 512GB 틸
모바일/태블릿,아이폰 16 플러스 512GB 핑크
모바일/태블릿,아이폰 16 플러스 512GB 화이트
모바일/태블릿,아이폰 16 플러스 512GB 블랙
모바일/태블릿,아이폰 16 프로 128GB 데저트 티타늄
모바일/태블릿,아이폰 16 프로 128GB 내추럴 티타늄
모바일/태블릿,아이폰 16 프로 128GB 화이트 티타늄
모바일/태블릿,아이폰 16 프로 128GB 블랙 티타늄
모바일/태블릿,아이폰 16 프로 256GB 데저트 티타늄
모바일/태블릿,아이폰 16 프로 256GB 내추럴 티타늄
모바일/태블릿,아이폰 16 프로 256GB 화이트 티타늄
모바일/태블릿,아이폰 16 프로 256GB 블랙 티타늄
모바일/태블릿,아이폰 16 프로 512GB 데저트 티타늄
모바일/태블릿,아이폰 16 프로 512GB 내추럴 티타늄
모바일/태블릿,아이폰 16 프로 512GB 화이트 티타늄
모바일/태블릿,아이폰 16 프로 512GB 블랙 티타늄
모바일/태블릿,아이폰 16 프로 1TB 데저트 티타늄
모바일/태블릿,아이폰 16 프로 1TB 내추럴 티타늄
모바일/태블릿,아이폰 16 프로 1TB 화이트 티타늄
모바일/태블릿,아이폰 16 프로 1TB 블랙 티타늄
모바일/태블릿,아이폰 16 프로맥스 256GB 데저트 티타늄
모바일/태블릿,아이폰 16 프로맥스 256GB 내추럴 티타늄
모바일/태블릿,아이폰 16 프로맥스 256GB 화이트 티타늄
모바일/태블릿,아이폰 16 프로맥스 256GB 블랙 티타늄
모바일/태블릿,아이폰 16 프로맥스 512GB 데저트 티타늄
모바일/태블릿,아이폰 16 프로맥스 512GB 내추럴 티타늄
모바일/태블릿,아이폰 16 프로맥스 512GB 화이트 티타늄
모바일/태블릿,아이폰 16 프로맥스 512GB 블랙 티타늄
모바일/태블릿,아이폰 16 프로맥스 1TB 데저트 티타늄
모바일/태블릿,아이폰 16 프로맥스 1TB 내추럴 티타늄
모바일/태블릿,아이폰 16 프로맥스 1TB 화이트 티타늄
모바일/태블릿,아이폰 16 프로맥스 1TB 블랙 티타늄
모바일/태블릿,아이폰 15 128GB 블루
모바일/태블릿,아이폰 15 128GB 핑크
모바일/태블릿,아이폰 15 128GB 옐로
모바일/태블릿,아이폰 15 128GB 그린
모바일/태블릿,아이폰 15 128GB 블랙
모바일/태블릿,아이폰 15 256GB 블루
모바일/태블릿,아이폰 15 256GB 핑크
모바일/태블릿,아이폰 15 256GB 옐로
모바일/태블릿,아이폰 15 256GB 그린
모바일/태블릿,아이폰 15 256GB 블랙
모바일/태블릿,아이폰 15 512GB 블루
모바일/태블릿,아이폰 15 512GB 핑크
모바일/태블릿,아이폰 15 512GB 옐로
모바일/태블릿,아이폰 15 512GB 그린
모바일/태블릿,아이폰 15 512GB 블랙
모바일/태블릿,아이폰 15 플러스 128GB 블루
모바일/태블릿,아이폰 15 플러스 128GB 핑크
모바일/태블릿,아이폰 15 플러스 128GB 옐로
모바일/태블릿,아이폰 15 플러스 128GB 그린
모바일/태블릿,아이폰 15 플러스 128GB 블랙
모바일/태블릿,아이폰 15 플러스 256GB 블루
모바일/태블릿,아이폰 15 플러스 256GB 핑크
모바일/태블릿,아이폰 15 플러스 256GB 옐로
모바일/태블릿,아이폰 15 플러스 256GB 그린
모바일/태블릿,아이폰 15 플러스 256GB 블랙
모바일/태블릿,아이폰 15 플러스 512GB 블루
모바일/태블릿,아이폰 15 플러스 512GB 핑크
모바일/태블릿,아이폰 15 플러스 512GB 옐로
모바일/태블릿,아이폰 15 플러스 512GB 그린
모바일/태블릿,아이폰 15 플러스 512GB 블랙
모바일/태블릿,아이폰 15 프로 128GB 내추럴 티타늄
모바일/태블릿,아이폰 15 프로 128GB 블루 티타늄
모바일/태블릿,아이폰 15 프로 128GB 화이트 티타늄
모바일/태블릿,아이폰 15 프로 128GB 블랙 티타늄
모바일/태블릿,아이폰 15 프로 256GB 내추럴 티타늄
모바일/태블릿,아이폰 15 프로 256GB 블루 티타늄
모바일/태블릿,아이폰 15 프로 256GB 화이트 티타늄
모바일/태블릿,아이폰 15 프로 256GB 블랙 티타늄
모바일/태블릿,아이폰 15 프로 512GB 내추럴 티타늄
모바일/태블릿,아이폰 15 프로 512GB 블루 티타늄
모바일/태블릿,아이폰 15 프로 512GB 화이트 티타늄
모바일/태블릿,아이폰 15 프로 512GB 블랙 티타늄
모바일/태블릿,아이폰 15 프로 1TB 내추럴 티타늄
모바일/태블릿,아이폰 15 프로 1TB 블루 티타늄
모바일/태블릿,아이폰 15 프로 1TB 화이트 티타늄
모바일/태블릿,아이폰 15 프로 1TB 블랙 티타늄
모바일/태블릿,아이폰 15 프로맥스 256GB 내추럴 티타늄
모바일/태블릿,아이폰 15 프로맥스 256GB 블루 티타늄
모바일/태블릿,아이폰 15 프로맥스 256GB 화이트 티타늄
모바일/태블릿,아이폰 15 프로맥스 256GB 블랙 티타늄
모바일/태블릿,아이폰 15 프로맥스 512GB 내추럴 티타늄
모바일/태블릿,아이폰 15 프로맥스 512GB 블루 티타늄
모바일/태블릿,아이폰 15 프로맥스 512GB 화이트 티타늄
모바일/태블릿,아이폰 15 프로맥스 512GB 블랙 티타늄
모바일/태블릿,아이폰 15 프로맥스 1TB 내추럴 티타늄
모바일/태블릿,아이폰 15 프로맥스 1TB 블루 티타늄
모바일/태블릿,아이폰 15 프로맥스 1TB 화이트 티타늄
모바일/태블릿,아이폰 15 프로맥스 1TB 블랙 티타늄